{
    "rmse": 5.737312758891778,
    "mae": 3.7423344114727786,
    "r2": 0.6471101283841453
}