{
    "rmse": 5.130512777519827,
    "mae": 3.382287954103357,
    "r2": 0.7221432880049181
}